{
  "id": 4807356,
  "name": "MetaForge",
  "target": "branch",
  "source_type": "Repository",
  "source": "KeyMatrix/KeyMatrix",
  "enforcement": "active",
  "conditions": {
    "ref_name": {
      "exclude": [],
      "include": [
        "refs/heads/PatternsDem0"
      ]
    }
  },
  "rules": [
    {
      "type": "deletion"
    },
    {
      "type": "non_fast_forward"
    },
    {
      "type": "update"
    },
    {
      "type": "creation"
    },
    {
      "type": "required_linear_history"
    },
    {
      "type": "required_deployments",
      "parameters": {
        "required_deployment_environments": []
      }
    },
    {
      "type": "required_signatures"
    },
    {
      "type": "pull_request",
      "parameters": {
        "required_approving_review_count": 7,
        "dismiss_stale_reviews_on_push": true,
        "require_code_owner_review": true,
        "require_last_push_approval": true,
        "required_review_thread_resolution": true,
        "automatic_copilot_code_review_enabled": true,
        "allowed_merge_methods": [
          "merge",
          "squash"
        ]
      }
    },
    {
      "type": "code_scanning",
      "parameters": {
        "code_scanning_tools": [
          {
            "tool": "CodeQL",
            "security_alerts_threshold": "critical",
            "alerts_threshold": "none"
          }
        ]
      }
    }
  ],
  "bypass_actors": [
    {
      "actor_id": null,
      "actor_type": "DeployKey",
      "bypass_mode": "always"
    },
    {
      "actor_id": 2,
      "actor_type": "RepositoryRole",
      "bypass_mode": "always"
    },
    {
      "actor_id": 4,
      "actor_type": "RepositoryRole",
      "bypass_mode": "always"
    },
    {
      "actor_id": 5,
      "actor_type": "RepositoryRole",
      "bypass_mode": "always"
    }
  ]
}