Timestamp,Quantum Field Stability (%),Entanglement Persistence (sec),Quantum Processing Throughput (qbit/s),QBER (%),Cognitive Response Time (ms),Decision Accuracy Rate (%)
2025-03-21 07:24:43,96.86194690892904,0.9466115879033856,48387.90120163026,0.012954065795728272,25.887226867355054,99.74040616478302
2025-03-21 07:24:44,98.98885244527041,1.1481174416007593,48031.88329459268,0.025742422052381926,22.101541431668288,97.0046703004702
2025-03-21 07:24:44,98.8360223829019,1.1355126645497844,39054.10338516679,0.012444880083955931,21.856969509118333,98.69165461264248
2025-03-21 07:24:44,97.16894774623096,0.9314699256784911,43238.45404919036,0.0273302330516852,19.3353635592534,99.52160464177989
2025-03-21 07:24:44,99.38719642325445,1.0764147923090963,39052.66388323337,0.02671287987858844,18.17573099401619,98.98380995169347
2025-03-21 07:24:44,98.2588936017753,0.9904805412749164,41653.944638670575,0.025897598974323796,20.30560016769903,99.25816770424694
2025-03-21 07:24:45,98.47531303908339,0.9823634180344205,39581.474712966396,0.01623561367164304,21.972604898951555,97.62431504366235
2025-03-21 07:24:45,96.2211626554815,1.0594114957751715,42600.954414733285,0.013972045603656757,19.819919877715243,99.08768704417207
2025-03-21 07:24:45,96.78524841400828,1.0827906446667772,38471.64602483617,0.023143357269466723,18.59809167669418,97.83764457716802
2025-03-21 07:24:45,97.23809565579091,1.0930138815313957,45869.13667134388,0.022975573411732158,18.30345465774158,97.71920043260218
2025-03-21 07:24:45,96.28336902617112,1.0500511451878465,49285.68734584986,0.016172949943692578,25.327799167291218,99.85325703229643
2025-03-21 07:24:46,96.69804724921292,0.9549761563448527,48362.05331531854,0.024104016399295738,25.16310284998751,99.45682235411145
2025-03-21 07:24:46,97.06607374469999,1.0815750180454096,43662.20923824918,0.01767530757037911,24.108103440733583,99.86847401933288
2025-03-21 07:24:46,97.640564548829,1.1961711054166515,41976.91684001306,0.012150351611531161,25.862130985672035,98.89414295034773
2025-03-21 07:24:46,98.74144244294686,1.0368486540778927,38230.70746176925,0.026943567297483213,21.649783979613844,98.58409461715189
2025-03-21 07:24:46,96.85080494167534,1.0856463379819628,44223.742475987754,0.027480347476082807,22.49144012999286,97.33277221644715
2025-03-21 07:24:47,97.55839839336964,1.0534709322725444,44444.60459616385,0.013533682613785973,19.47623872796475,99.37063751968365
2025-03-21 07:24:47,99.23314277619983,1.0548534041111872,40023.61614263457,0.027827673341159057,22.42987696063515,98.22555900744076
2025-03-21 07:24:47,96.97395465209843,1.104064588977196,40643.179533208095,0.028258558917764416,21.741409155962447,99.25379966658696
2025-03-21 07:24:47,97.68859945210322,0.9505296361207546,42470.72093112685,0.02024272088731252,21.005629378939616,98.96612749283706
2025-03-21 07:24:47,98.95175830250491,1.1153463566318536,40336.782606894,0.029710780161591642,20.843010788105254,99.74830170964874
2025-03-21 07:24:48,96.63142732267008,1.1783040542950065,40753.72517510611,0.011571879868175018,24.186542458171576,98.29517569941765
2025-03-21 07:24:48,98.82222225632515,1.161759178224289,48121.103518321455,0.01746472771676267,25.589580494946166,97.71092347193233
2025-03-21 07:24:48,99.02675941237273,1.158157007729403,45880.192593336826,0.02079822428387476,25.969302213685836,99.12317209765548
2025-03-21 07:24:48,99.02707636541942,1.1989966451632748,44007.382938239316,0.024862395084465787,20.476908120165575,99.12427968068832
