Timestamp,Quantum Field Stability (%),Entanglement Persistence (sec),Quantum Processing Throughput (qbit/s),QBER (%),Cognitive Response Time (ms),Decision Accuracy Rate (%),Calibration Sync (%),Optimization Index (%),System Integrity,Load Balance (%),Cognitive Uptime (sec),Forecast Alignment (%),Reality Sync Level (%),NeuroFeedback Sensitivity (%),MindState Integration (%)
2025-03-21 08:37:20,93.58639498687292,0.8482171603945672,31401.581551645242,0.039232402401943145,25.853739776139385,98.62907027160469,99.06093563225343,95.4296572594588,Stable,92.34608259558507,18992,96.33422944839721,94.05319112780498,93.92345530175523,97.94592631915444
2025-03-21 08:37:20,95.63753147096672,1.1989984948795342,36705.8703110487,0.014444382777812435,16.736693999941224,95.4279319488943,96.56327981851955,96.74259880540468,Stable,90.53133584896798,22054,95.61938447357082,94.65971200274912,97.33939227684064,93.30538225106999
2025-03-21 08:37:20,99.52928197827738,0.7328030272727277,26774.770523374187,0.023083618420095632,15.212975789344664,99.82287830086824,96.92554896925796,96.65382860884678,Stable,96.2787292279637,19544,98.89080780957502,95.19177391902879,88.68669516559484,97.25150155950777
2025-03-21 08:37:20,94.5934888432663,1.254099786821127,26371.599030129863,0.021199003385972005,24.64219368469442,97.62827063693216,98.17876332832145,96.21742124488966,Stable,96.07916682233345,19661,94.79039157161152,93.26540770087244,93.35219490186309,94.8513553532153
2025-03-21 08:37:20,97.07491596671095,1.2915692371337668,25742.55193072383,0.0416244099908114,13.75292112585569,95.18136937536904,97.0293078516405,98.00692632942865,Stable,92.41679632699307,20110,94.56296586311703,99.40358844082819,89.83560569598764,92.35567062501204
2025-03-21 08:37:20,98.665922122198,0.967254649460255,30193.081268612783,0.012480135183535215,25.167916757695828,99.09453295941613,99.19319414276472,98.65155589812487,Stable,91.32850062608728,17190,94.79211524842202,94.68252938737812,89.59622149175533,92.8854678425747
2025-03-21 08:37:20,93.08418724157943,1.2189586485464576,31278.77747872705,0.03157872454673221,26.74890510788515,97.54609218177747,96.90545574075567,95.88873651601162,Stable,95.17675274239772,24484,94.159662597944,98.18743901336413,96.12476497413496,92.08757822200863
2025-03-21 08:37:20,97.2929143261413,1.2150514943112447,41557.29020435131,0.013820209155557792,18.455761496501694,96.92861477971923,97.84853083436124,99.182429423325,Stable,93.94273880191983,17410,96.52039891669097,93.56881695890583,97.28469459644434,96.69960881356744
2025-03-21 08:37:20,94.02883212364628,0.7618464739520379,27363.053830987894,0.022545905690681316,17.25796673684435,96.50493212373088,99.8270628286979,97.00799261782412,Stable,94.69891373198503,17495,95.5003141802526,93.85243760929922,88.32822358938674,95.3260106316394
2025-03-21 08:37:20,95.2509601664995,0.9505737622035972,27730.084688964114,0.012792742978732872,15.416880637646958,98.57128152619485,96.95275038977829,97.88154734809687,Stable,95.59078511750315,15085,98.76024726177421,95.59741240062914,92.54808942181143,93.10808309602376
2025-03-21 08:37:21,93.04220670527418,0.6109242518219685,45350.58424547014,0.041832402888512685,21.383252686437054,97.69343936136491,99.9433323218429,95.29559228361002,Stable,92.01435089019415,21984,94.08072545975216,98.56948579701209,93.65090091182881,93.08763991917614
2025-03-21 08:37:21,94.29657401867289,1.1985835086086143,35569.90951501418,0.011426685541240255,14.172574991042662,98.74637467053738,98.91330631534909,98.30917968570525,Fluctuation,97.31655062139902,19944,97.65087442141946,93.15513502215997,92.02258164608928,98.69044106748863
2025-03-21 08:37:21,97.00910424654866,0.6310387549770269,27640.782459913557,0.01970292391537445,24.756245866606502,95.62010534188101,97.11024388038697,98.91405122379044,Stable,94.72767639891481,18832,98.91473806900034,98.51494254321277,92.29874899622928,97.00076071515379
2025-03-21 08:37:21,94.16789041735615,0.6424870995650418,49971.20263957874,0.021938573712126798,18.085024191375435,98.60816101514962,98.82962817424232,97.3024178304879,Stable,97.46410498500515,20364,97.78800953654994,94.55193900701981,93.6664142961144,92.35364231950399
2025-03-21 08:37:21,94.94511293346639,1.2602265720903105,36488.85778072812,0.031832959628990354,13.844838665444584,96.0645497387874,99.27353458018973,97.78194241307634,Stable,92.38765657424783,22947,94.71699943025638,98.06266622080011,94.48565239108206,95.79106370177743
2025-03-21 08:37:21,98.20834056061123,0.8521920275782575,35176.46550309385,0.02360988044273745,24.358446902973913,96.9057630460361,97.54322716185386,97.46843726306867,Stable,92.90580574835337,20573,96.70068801918828,93.83298691555842,92.88685972388174,93.56716240411285
2025-03-21 08:37:21,98.65955020376016,0.8790871893117786,47836.3384604551,0.036440460072803625,21.773552701357268,96.31304578893376,99.91494428511878,97.30765238087321,Stable,93.2434104871084,16885,97.6550103644631,94.27711892171233,93.24537816359751,94.95610678007088
2025-03-21 08:37:21,93.72637976968274,0.9729400847501497,30538.128468431074,0.011309812965846494,13.841688379494757,96.80041442384368,99.64018195151084,95.58905118741137,Stable,96.49696112530367,22809,97.96688822403527,91.16603175828571,88.49779161553185,93.2315215604773
2025-03-21 08:37:21,93.46961825345086,0.6825590246008592,26042.142171068765,0.033433759264682075,12.755557469092999,95.06266219387123,98.26203921880227,97.45554318424415,Stable,96.23355005392484,23773,94.57981188837319,98.5564526538653,93.68511818807382,90.0715774072683
2025-03-21 08:37:21,95.05508714988152,1.2681396546294714,37457.94408114617,0.027255138740359605,23.561866103584908,98.6622581832826,99.17720909973391,97.53208357096244,Stable,95.80090179798968,19734,96.98859012221342,99.33637557540287,90.89733168161838,92.40186425357238
2025-03-21 08:37:22,97.75635741516936,0.6044761022395275,34348.37440398621,0.03372571137965264,18.911960688749897,97.87671621546947,98.09968361656622,99.59992833861287,Stable,97.28346376394428,20582,96.78786385552404,95.66681850796408,92.06657582421943,90.80244015625175
2025-03-21 08:37:22,93.95636172457839,0.9738444939219773,47257.1911010357,0.037413089358953704,18.528744275295633,95.09861535123632,98.2840724160761,95.05192699291122,Stable,95.95929049186314,16496,96.7144746591391,97.06548119864806,95.8301779313219,96.78496863010481
2025-03-21 08:37:22,97.59935691133323,0.8386184402945953,34248.589708096406,0.044915671897265946,27.71101038724233,96.13902103403706,97.4531537286676,97.91007511302384,Stable,96.73268298163265,21616,99.02632249332838,95.92722041800218,90.53135263994558,94.85128802823284
2025-03-21 08:37:22,96.32302287991054,0.7269048612322568,42422.230876045156,0.016188288567759477,20.564852017810402,97.54498617226027,98.49177249033028,97.52679715702993,Stable,90.29671146504576,15014,94.93249572970043,97.83177870583417,94.71980920055285,93.82274741682227
2025-03-21 08:37:22,99.10855297408553,1.0517006526977897,38392.73898286364,0.04085961844743392,13.636304782975028,95.79834457320449,99.98640123659204,95.01400893377081,Stable,97.78917476174682,21626,94.50350913154347,96.14604793359304,89.00678168386506,96.75754191241025
2025-03-21 08:37:22,98.82014786317437,1.136365165246642,29210.514104411417,0.03451362379243727,23.312481529368654,99.43361614707976,98.0797170933175,95.87613694018002,Stable,94.63014386774216,20576,94.63713902032293,91.43829977813111,91.65609806704602,90.27120978276174
2025-03-21 08:37:22,95.73476204071288,0.9336482287966058,33251.60916397389,0.03749811236489239,20.846050776736195,98.29323830595412,97.52654655423413,98.31909139361179,Stable,97.34071501737309,16847,96.06262633617862,93.99322553445843,93.3622797497023,95.22027544493389
2025-03-21 08:37:22,96.91144882868387,1.2492361712792057,48776.71741357519,0.02340789048177328,20.664018137564977,98.59407666171764,98.04348211486897,97.23511284789447,Stable,92.59827982299052,17666,95.24773702570171,93.362114703924,97.46013198443406,97.11894615356175
2025-03-21 08:37:22,95.526200563079,1.1304055948271126,40116.774855090414,0.017441509525605463,28.876250131728003,96.41370297221981,97.2362394587751,95.97235083929839,Stable,95.17007312458902,23297,95.15460459318145,98.00314261805973,94.33227493796217,97.5424563776735
2025-03-21 08:37:22,93.23157374060528,0.7878578750563503,38534.480075638414,0.034981647590629786,29.397324582807798,98.3701913713636,99.91531262955941,95.25124654609083,Stable,97.57242246446506,18748,96.61502432032609,92.78195509254415,94.29871463197428,92.98827422553042
