Timestamp,Cache Status,Defragmentation Status,Calibration Sync (%),Optimization Index (%),System Integrity Check,Load Balance (%),Cognitive Uptime (sec)
2025-03-21 08:23:41,Cleared,Complete,99.06007879708486,97.52172078263223,Stable,93.2707850074886,11134
2025-03-21 08:23:41,Cleared,Complete,98.98392209604808,97.02257808093735,Stable,92.17892320724202,13107
2025-03-21 08:23:41,Cleared,Complete,97.63930084713881,98.69795142409096,Stable,96.31006005432522,10212
2025-03-21 08:23:41,Cleared,Complete,99.65916460871507,98.91789853336925,Stable,96.4668240950823,19686
2025-03-21 08:23:41,Cleared,Complete,99.16789463643624,96.66614179571546,Stable,95.2604285854235,15193
2025-03-21 08:23:41,Cleared,Complete,98.20995395640863,97.82511074000838,Stable,93.29953936072079,11059
2025-03-21 08:23:42,Cleared,Complete,99.95753321355089,97.47954665553966,Stable,97.67332032921341,19257
2025-03-21 08:23:42,Cleared,Complete,99.73322159335184,99.69152738775425,Stable,95.67864549526058,14010
2025-03-21 08:23:42,Cleared,Complete,99.7387406088077,99.44305008388665,Stable,92.30099261496426,18237
2025-03-21 08:23:42,Cleared,Complete,98.16076185791162,98.83056125338858,Stable,93.54765650646173,12935
2025-03-21 08:23:42,Cleared,Complete,97.77217400172302,97.4286098713459,Stable,97.86549308076609,19916
2025-03-21 08:23:42,Cleared,Complete,98.12665772720787,98.63526632068073,Stable,95.40151383185399,11363
2025-03-21 08:23:42,Cleared,Complete,98.49158987119391,98.18653577619601,Stable,95.99972785839267,16217
2025-03-21 08:23:42,Cleared,Complete,99.95277958910708,97.67207028716267,Stable,96.69740305142285,12452
2025-03-21 08:23:42,Cleared,Complete,99.37698887272325,96.63426785938545,Stable,93.36319167288364,11384
2025-03-21 08:23:42,Cleared,Complete,99.67517955501626,97.72178783115152,Stable,97.33224772950618,17865
2025-03-21 08:23:43,Cleared,Complete,97.57085020579088,98.02544178063711,Stable,93.46009359383392,13601
2025-03-21 08:23:43,Cleared,Complete,97.74987289366689,99.47655617403657,Stable,95.16619014077376,17332
2025-03-21 08:23:43,Cleared,Complete,98.06932966022764,99.24485253452244,Stable,95.60511359576543,17315
2025-03-21 08:23:43,Cleared,Complete,99.15738314483528,97.17125349800925,Stable,95.71574882467893,15319
2025-03-21 08:23:43,Cleared,Complete,97.7749559370533,99.22688771924999,Stable,97.61776588999743,12350
2025-03-21 08:23:43,Cleared,Complete,98.66361243607938,99.89259653574301,Stable,97.31462634122414,15210
2025-03-21 08:23:43,Cleared,Complete,98.03647234328749,98.0162782645684,Stable,92.20243849327503,12289
2025-03-21 08:23:43,Cleared,Complete,99.2985161424693,97.9736418414715,Stable,97.21840455156101,10563
2025-03-21 08:23:43,Cleared,Complete,97.73821076510542,99.5976946747456,Stable,97.53685033147232,15224
